9,9,3,3,3,3,3,3,3,9,4,4,9,5,5,5,5,5,5,9,9,9,9,9,9,10,10,10,10,10,10,9,9,9,13,13,13,13,13,13,13,13,9,14,9,15,15,15,15,15,15,15,15,15,15,9,9,9,9,19,19,19,19,19,19,19,19,19,19,19,9,20,20,20,20,9,21,21,21,21,21,21,21,21,21,9,22,22,9,23,23,23,23,23,23,23,23,23,23,9
9,3,3,3,3,9,3,3,3,3,9,9,5,5,5,5,5,9,9,9,9,9,9,9,9,9,10,10,10,10,10,9,9,9,9,13,13,13,13,13,13,13,9,14,9,15,15,15,15,15,15,15,15,15,15,9,9,41,41,9,19,19,19,19,19,19,19,19,19,19,19,9,20,20,20,9,9,21,21,21,21,21,21,21,9,22,22,22,22,9,23,23,23,23,23,23,23,23,9,9
9,3,3,3,3,3,3,3,3,9,51,9,9,5,5,5,5,9,9,9,9,9,9,9,9,9,10,10,10,10,10,10,10,9,9,13,13,13,13,13,13,9,9,9,15,15,15,15,15,15,15,15,15,15,15,15,9,41,41,41,9,9,19,19,19,19,19,19,19,19,9,20,20,20,9,65,9,21,21,21,9,21,21,9,9,9,22,22,22,22,9,23,23,9,23,23,23,23,23,9
3,3,3,3,3,3,3,3,3,9,51,51,9,9,5,9,5,9,9,9,9,9,9,9,9,9,9,10,9,10,10,10,9,82,82,9,13,13,9,13,9,9,9,9,9,9,15,15,15,15,15,15,15,9,15,9,41,41,41,41,9,19,19,19,19,19,19,19,19,19,19,9,20,9,65,65,65,9,9,9,98,9,9,100,9,100,9,22,9,9,104,9,9,104,9,23,23,23,9,9
9,3,3,3,3,9,3,3,9,51,51,51,51,9,5,9,9,9,9,9,9,9,9,9,9,9,9,9,119,9,10,9,82,82,82,82,9,9,9,9,125,125,125,9,126,126,9,15,15,15,15,15,15,9,9,41,41,41,41,41,9,9,19,19,19,19,19,19,19,19,9,9,9,9,65,65,9,9,98,98,98,9,100,100,100,100,9,9,104,104,104,104,9,104,104,9,23,23,23,9
9,3,3,3,3,3,9,9,51,51,51,9,9,9,9,150,9,9,9,9,9,9,9,9,9,9,9,9,119,9,9,9,82,82,9,82,82,9,9,9,125,125,125,9,126,9,15,15,15,15,15,15,15,15,9,41,41,41,41,9,165,165,9,19,19,19,19,9,19,9,9,9,65,65,65,65,65,9,98,98,9,100,100,100,100,100,100,9,104,104,104,104,104,104,104,9,23,9,9,176
9,9,9,3,3,9,180,9,51,51,51,51,9,9,150,150,9,9,9,9,9,9,9,9,9,9,9,9,119,119,119,119,9,9,187,9,9,9,125,125,125,125,125,125,9,9,9,15,9,15,15,15,9,9,196,9,41,9,9,165,165,165,9,19,19,19,9,201,9,201,9,65,65,65,65,65,65,65,9,98,98,9,100,100,100,100,100,100,9,104,104,104,104,104,9,9,23,9,176,176
209,9,9,3,9,180,180,9,9,51,9,9,9,9,9,150,9,9,9,9,9,9,9,9,9,9,9,9,119,119,119,119,9,187,187,187,9,223,9,125,125,125,125,125,125,9,9,9,9,15,15,9,196,196,196,196,9,165,9,165,165,165,165,9,19,9,9,201,201,201,201,9,65,65,65,65,65,65,65,98,9,100,100,100,100,100,100,9,104,104,104,104,104,104,104,9,9,176,176,176
209,9,9,9,180,9,180,180,180,9,9,9,150,150,150,150,150,9,9,9,9,9,9,9,9,9,9,119,119,119,119,119,119,9,187,187,9,223,9,125,9,125,125,125,125,125,9,254,254,9,15,15,9,196,196,196,9,165,165,165,165,165,165,165,9,9,165,9,9,201,9,9,65,65,65,65,65,65,65,98,98,9,100,100,9,100,100,100,9,104,104,104,104,104,104,9,176,176,176,176
209,209,9,180,180,180,180,180,180,180,180,9,9,150,150,150,9,9,9,9,9,9,9,9,9,119,119,119,119,119,119,9,9,187,187,187,187,9,125,125,125,125,125,125,125,125,9,254,254,9,15,9,279,9,196,196,196,9,165,165,165,165,165,165,165,165,165,165,165,9,65,65,65,65,65,65,65,65,65,98,98,98,9,100,100,9,100,9,104,104,104,104,104,104,9,286,9,9,176,176
209,9,180,180,180,180,180,180,180,180,9,180,9,150,150,150,9,9,9,9,9,9,9,9,9,9,119,119,119,119,119,119,9,187,187,9,9,125,125,125,125,125,125,125,125,9,125,9,254,254,9,279,279,279,9,196,9,165,165,165,165,165,165,165,165,165,165,165,165,165,9,65,65,65,65,65,65,65,65,98,98,98,9,100,9,9,9,9,104,104,104,104,104,104,9,286,286,286,9,176
209,209,9,180,180,180,180,180,180,180,180,180,180,9,9,9,315,315,9,9,9,9,9,9,317,9,119,119,119,119,119,9,187,187,9,125,125,125,125,125,125,125,125,125,125,125,125,125,9,9,279,279,279,279,9,196,9,9,9,165,165,165,165,165,165,165,165,165,9,9,9,9,65,65,65,65,65,65,65,98,98,98,9,9,9,9,334,334,9,9,104,104,104,9,286,286,286,9,338,9
209,9,340,9,9,180,180,180,180,180,180,180,9,9,315,315,315,315,315,9,9,9,9,9,317,317,9,119,119,119,119,119,9,187,9,125,125,125,125,125,125,125,125,125,9,9,125,9,279,279,279,279,279,9,354,9,355,355,9,165,165,165,165,165,165,165,165,9,357,357,9,358,9,65,9,65,65,65,65,98,98,9,361,361,361,361,9,9,286,286,9,104,9,286,286,286,9,338,338,338
9,340,340,340,9,9,180,180,180,180,9,9,9,315,315,315,315,315,315,315,9,9,9,317,317,317,9,9,119,9,119,9,187,187,187,9,125,125,125,125,125,125,125,125,125,9,9,9,279,279,279,279,9,354,354,354,9,355,355,9,165,165,165,165,165,9,9,357,357,9,358,358,358,9,358,9,65,65,65,98,9,361,361,361,361,361,361,9,286,286,286,9,286,286,286,286,286,9,338,338
340,340,340,340,340,9,180,180,180,180,9,9,315,315,315,315,315,315,315,315,315,9,317,317,317,9,399,9,9,399,9,399,9,187,9,9,9,125,9,125,125,125,125,125,9,408,408,408,9,279,279,279,9,354,354,354,354,9,9,9,9,9,165,9,9,357,357,357,357,9,9,358,358,358,358,9,65,9,65,9,361,361,361,361,361,361,9,286,286,286,286,286,286,286,286,286,286,286,9,338
340,340,340,340,340,340,9,180,9,180,9,9,315,315,315,315,315,315,315,315,315,315,9,317,9,399,399,399,9,399,399,399,399,9,399,9,9,9,125,125,125,125,125,9,408,408,408,408,408,9,279,9,354,354,354,354,354,354,354,9,357,357,9,357,357,357,357,357,9,358,358,358,358,358,358,358,9,9,65,9,361,361,361,361,361,361,361,9,286,286,286,286,286,286,286,286,286,286,286,9
340,340,340,340,340,340,340,9,9,9,9,315,315,9,315,315,315,315,315,315,315,315,9,9,399,399,399,399,399,399,399,399,399,399,399,399,9,454,9,9,125,9,125,125,9,408,408,408,408,408,9,9,354,354,354,354,354,354,9,357,357,357,357,357,357,357,357,357,9,358,358,358,358,358,358,358,9,361,9,361,361,361,361,361,361,9,9,286,286,286,286,286,286,286,286,286,286,286,9,467
340,340,340,340,340,340,340,9,9,9,470,9,9,315,315,315,315,315,9,315,315,9,9,9,9,399,9,399,399,399,399,399,399,399,399,399,9,454,454,9,9,9,125,9,408,408,408,408,408,9,9,354,354,354,354,354,354,354,354,9,357,357,357,357,357,357,357,357,9,358,358,358,358,358,358,358,9,361,361,361,361,361,361,361,361,361,9,9,286,286,286,286,286,286,286,286,9,9,467,467
340,340,340,340,340,340,9,470,470,470,470,9,9,9,315,315,315,9,9,315,9,499,499,9,9,9,9,399,399,399,399,399,399,399,399,399,399,9,9,505,505,505,9,9,408,408,408,9,9,509,9,9,354,9,354,354,354,354,354,354,9,357,357,357,9,9,357,357,357,9,9,9,358,358,358,358,9,361,9,9,361,361,9,361,361,9,523,523,9,286,286,286,286,286,286,286,9,467,467,467
9,340,340,340,340,9,470,470,470,470,470,470,9,9,9,315,9,499,499,9,499,499,499,9,533,533,533,9,399,399,399,399,399,399,399,399,9,505,505,505,505,505,505,505,9,408,9,509,509,509,509,9,9,539,9,354,354,354,354,354,354,9,357,9,542,9,9,357,9,545,545,545,9,358,358,358,358,9,547,547,9,9,547,9,361,9,523,523,523,9,9,9,286,9,286,9,467,467,467,467
9,9,9,340,340,340,9,470,470,470,470,470,470,9,9,9,499,499,499,499,499,499,499,499,9,533,9,399,399,399,399,399,399,399,399,399,9,505,505,505,505,505,505,505,505,9,509,509,509,509,9,539,9,539,539,9,354,354,354,354,9,9,9,542,542,9,9,9,545,545,545,545,545,9,358,358,9,547,547,547,547,547,547,547,9,523,523,523,523,523,523,523,9,9,9,467,467,467,467,467
582,9,9,340,340,9,470,9,470,470,470,470,9,499,499,499,499,499,499,499,499,499,499,9,533,533,533,9,399,9,399,399,399,399,9,399,9,505,505,505,505,505,505,505,505,505,9,509,9,9,539,539,9,539,539,539,9,354,354,9,9,9,542,542,542,542,9,545,545,545,545,545,545,9,358,358,358,9,547,547,547,547,547,547,9,523,523,523,523,523,9,9,9,607,607,9,9,467,467,467
582,582,9,9,9,470,470,470,470,470,9,470,470,9,9,499,499,499,499,499,499,499,499,499,9,9,533,533,9,399,399,399,399,399,399,9,9,9,9,505,505,505,505,505,505,9,623,9,539,9,539,539,539,539,539,539,539,9,9,9,9,542,9,542,542,542,542,9,545,545,545,545,545,9,358,9,9,9,9,547,547,547,547,547,547,9,523,523,523,523,523,523,9,607,607,607,9,467,467,467
582,9,582,9,582,9,470,9,9,9,645,9,9,9,499,499,499,499,499,499,499,499,499,499,499,499,9,533,533,9,399,399,399,9,9,9,9,9,505,505,505,9,505,505,9,623,623,9,539,539,539,539,539,539,539,539,9,539,9,9,542,542,542,542,542,542,542,542,9,545,545,545,545,545,9,663,9,547,547,547,547,547,547,9,9,9,523,523,523,523,9,9,607,607,607,607,607,9,467,9
582,582,582,582,582,582,9,645,645,9,645,645,645,9,9,499,499,499,499,499,499,9,499,499,9,9,9,9,9,681,9,9,399,9,9,9,686,686,9,9,9,9,505,9,691,9,9,539,539,539,539,539,539,539,539,539,539,539,539,9,9,542,542,542,542,542,542,542,9,545,545,545,9,9,663,663,9,9,547,9,547,9,9,703,9,9,9,523,9,9,708,9,607,607,607,607,9,710,9,710
582,582,582,582,582,9,645,645,645,645,645,645,645,645,9,9,499,9,499,499,499,499,499,499,9,9,9,681,9,681,681,681,9,9,9,722,9,686,686,686,686,686,9,691,691,691,9,539,539,539,539,539,539,539,539,539,539,539,539,9,726,9,542,542,542,542,542,542,542,9,9,9,730,730,9,9,732,732,9,9,9,703,703,703,9,703,9,9,9,708,708,708,9,607,607,9,710,710,710,710
582,582,582,582,9,9,9,645,645,645,645,645,645,9,9,9,9,9,9,499,499,499,9,9,9,681,681,681,681,681,681,681,681,9,9,722,722,9,9,686,686,686,686,691,691,9,539,539,539,539,539,539,539,539,539,539,539,539,539,9,726,726,9,542,542,542,542,542,9,730,730,730,730,730,730,9,9,732,732,9,703,703,703,703,703,703,9,703,9,708,708,9,9,9,607,9,710,710,710,710
582,582,582,9,645,645,645,645,645,645,645,645,645,645,645,645,9,9,499,499,499,9,774,9,681,681,681,681,681,681,681,681,681,9,722,722,9,722,722,9,686,686,686,691,691,691,9,9,539,9,539,539,539,539,539,539,539,539,9,782,9,9,542,542,542,542,542,542,9,730,730,730,730,730,730,730,730,9,732,9,703,703,703,703,703,703,703,703,703,9,708,708,708,708,9,710,710,710,710,710
582,582,582,9,645,645,645,645,645,645,645,645,645,9,9,9,9,9,9,499,9,774,774,774,9,681,681,681,681,681,681,681,681,9,722,722,722,722,9,722,9,686,686,691,691,691,691,9,9,9,9,539,539,539,539,539,9,9,9,782,782,9,542,542,542,542,542,9,730,730,730,730,730,730,730,730,9,732,732,9,703,703,703,703,703,703,703,703,9,708,708,708,708,9,710,710,710,710,710,710
582,582,582,9,645,645,645,645,645,645,645,645,645,645,645,9,9,817,817,9,774,774,774,774,9,681,681,681,681,681,681,9,9,722,722,722,722,722,722,722,722,9,686,691,691,691,9,823,823,9,539,539,9,539,539,9,9,9,782,782,782,782,9,542,542,542,9,730,730,730,730,730,730,730,730,730,730,9,732,732,9,9,703,703,703,9,703,9,708,708,708,708,708,708,9,9,710,710,710,710
582,582,582,582,9,9,645,645,645,645,645,645,645,645,9,840,840,9,817,817,774,774,774,774,774,9,681,681,681,681,681,9,722,722,722,722,722,722,722,722,9,9,686,9,691,9,823,823,823,823,9,9,539,539,9,9,782,782,782,782,782,782,9,9,542,542,542,9,730,730,730,730,730,730,730,730,730,9,732,9,856,856,9,703,703,9,9,708,708,708,708,708,708,708,9,710,710,710,9,710
9,582,582,582,582,582,9,9,645,645,645,645,645,9,9,840,9,817,817,817,774,774,774,774,9,681,681,681,681,9,9,870,9,9,722,722,722,722,9,9,874,874,9,874,9,9,9,823,823,823,823,823,9,539,9,9,782,782,782,782,782,782,9,782,9,542,9,884,9,730,730,730,730,730,730,730,730,9,9,887,9,856,856,9,9,708,708,708,708,708,708,708,708,708,708,9,710,710,710,9
892,9,582,582,582,9,894,894,9,645,645,645,9,896,896,9,9,9,817,817,774,774,774,774,774,9,681,681,681,681,9,870,870,870,9,722,722,9,874,874,874,874,874,874,874,9,823,823,823,823,823,823,823,9,9,9,782,782,782,782,782,782,782,782,782,9,884,884,9,9,730,9,730,730,9,730,9,887,9,887,9,9,9,9,9,708,708,708,708,708,708,708,708,708,708,9,9,710,9,922
892,892,9,582,9,892,9,894,9,645,9,9,896,896,896,896,9,9,9,817,9,774,774,9,774,9,9,681,681,9,870,870,870,9,937,9,9,937,9,874,874,874,874,874,9,9,823,823,823,823,823,823,823,823,9,782,782,782,782,782,782,782,782,9,9,9,884,884,884,884,9,9,730,9,949,9,9,887,887,887,887,887,887,9,952,9,708,708,708,708,708,708,708,708,9,954,954,9,922,922
892,9,892,9,892,892,892,9,9,9,896,896,896,896,896,896,896,896,9,9,9,774,774,9,9,9,966,9,9,966,9,870,870,9,937,9,937,937,937,9,9,9,874,9,975,9,823,9,823,823,823,823,823,9,9,782,782,782,782,782,782,782,782,782,782,9,884,884,884,9,884,884,9,949,949,9,887,887,887,887,887,887,9,9,952,952,9,708,708,708,708,708,708,9,954,954,9,9,9,922
892,9,892,892,892,892,892,892,9,896,896,896,896,896,896,896,9,9,9,9,9,9,9,966,966,966,966,966,966,966,966,9,9,937,937,937,937,937,9,937,9,9,9,975,975,975,9,823,823,823,823,823,9,782,782,782,782,782,782,782,782,782,782,782,782,9,884,884,884,884,884,884,884,9,9,887,887,887,887,887,887,887,887,887,9,9,9,708,708,708,9,708,9,954,954,954,954,9,1016,9
892,892,892,892,892,892,892,892,892,9,896,896,896,896,896,9,9,1020,9,1020,9,9,9,966,966,966,966,966,966,966,966,9,937,937,937,937,937,937,937,937,937,9,975,975,975,9,9,9,823,823,823,9,1030,9,782,782,782,782,782,782,782,782,782,782,782,9,884,884,884,884,884,884,9,1033,9,887,887,887,887,887,887,887,887,887,887,887,9,9,708,9,9,9,954,954,954,9,9,1016,1016,9
892,892,892,892,892,892,892,9,9,896,896,9,896,896,9,9,9,1020,1020,1020,9,9,966,966,966,966,966,966,966,966,9,937,937,937,937,937,937,937,937,937,937,9,975,975,975,975,975,9,9,823,9,1030,1030,1030,9,9,782,782,782,782,9,782,9,782,9,1060,9,884,884,884,884,884,9,1033,1033,9,887,887,887,887,887,887,887,887,9,9,9,1066,9,1066,9,954,954,954,9,1069,9,9,1016,1016
892,892,892,892,892,892,892,892,9,9,896,9,9,896,9,9,1020,1020,1020,1020,1020,9,9,966,9,966,966,966,966,966,966,9,9,937,937,937,937,937,937,937,9,975,975,975,975,975,975,975,9,823,9,9,9,1030,1030,1030,9,782,782,782,782,9,1060,9,1060,1060,1060,9,884,884,9,884,9,1033,1033,9,9,887,887,887,887,887,887,887,887,887,9,1066,1066,1066,1066,9,9,9,1069,1069,1069,1069,9,1016
892,892,892,892,892,892,892,9,1101,1101,9,1102,1102,9,9,1020,1020,1020,1020,1020,9,9,9,966,966,966,966,966,966,966,966,9,937,937,9,937,937,937,9,937,9,975,975,975,975,975,975,9,1112,9,9,1114,1114,9,1030,1030,1030,9,9,782,9,1060,1060,1060,1060,1060,1060,1060,9,884,884,9,1033,1033,9,1121,1121,9,887,887,887,887,9,887,887,9,1066,1066,1066,1066,9,9,1069,1069,1069,1069,1069,9,1127,9
892,892,892,892,892,892,892,892,9,9,1102,1102,1102,1102,9,9,1020,1020,1020,1020,1020,1020,9,9,9,966,966,966,966,966,966,966,9,9,937,937,9,937,9,9,9,9,975,975,9,975,9,1112,1112,9,1114,1114,1114,1114,9,1030,1030,1030,9,9,1060,1060,1060,1060,1060,1060,1060,1060,1060,9,9,1033,1033,9,9,9,1121,1121,887,887,887,887,887,9,9,1066,1066,1066,1066,1066,9,1069,1069,1069,1069,1069,9,1127,1127,1127
892,892,892,892,892,9,892,9,1159,1159,9,1102,9,9,1162,1162,9,1020,1020,1020,1020,9,1164,1164,1164,9,966,966,966,9,966,9,1167,1167,9,937,9,9,1170,1170,1170,1170,9,9,1170,9,1112,1112,9,9,1114,1114,1114,1114,1114,9,1030,9,1060,1060,1060,1060,1060,1060,1060,1060,1060,1060,9,9,9,9,9,1182,9,1121,1121,1121,887,887,887,887,887,9,1184,9,1066,1066,1066,1066,1066,9,9,1069,1069,1069,1069,9,1127,1127
892,892,892,892,892,9,9,1159,1159,1159,1159,9,1162,1162,1162,1162,9,1020,9,9,9,9,1164,1164,1164,1164,9,9,9,9,9,1167,1167,1167,1167,9,9,1170,1170,1170,1170,1170,9,1170,1170,1170,9,9,1114,1114,1114,1114,1114,1114,1114,9,1030,1030,9,1060,1060,1060,1060,1060,1060,1060,1060,9,1209,9,1209,1209,9,1182,1182,9,1121,1121,887,887,887,887,9,1184,1184,1184,9,1066,1066,1066,1066,9,9,9,1069,1069,9,1127,1127,1127
892,892,892,892,892,9,1159,1159,1159,1159,9,9,9,9,9,1162,1162,9,1162,1162,1162,1162,9,1164,1164,9,9,1228,1228,9,1228,9,9,1167,1167,1167,9,1170,1170,1170,1170,9,1170,1170,1170,1170,1170,9,1114,1114,1114,1114,1114,1114,1114,9,9,1030,9,9,1060,1060,1060,1060,1060,1060,1060,9,1209,1209,1209,1209,1209,9,1182,1182,9,1121,887,887,887,9,1184,1184,1184,1184,9,9,1066,9,9,1246,9,9,9,9,1127,1127,1127,1127
9,892,9,892,9,1159,1159,1159,1159,1159,1159,9,9,9,1256,9,1162,1162,1162,1162,1162,1162,1162,9,9,1228,9,1228,1228,1228,1228,1228,1228,9,1167,1167,9,1170,1170,1170,1170,1170,1170,1170,1170,1170,1170,9,9,9,1114,9,1114,1114,1114,9,1114,9,9,1060,1060,1060,1060,1060,1060,1060,1060,9,1209,1209,1209,1209,1209,1209,9,1182,1182,9,887,887,887,9,1184,1184,9,1184,9,1246,9,1246,1246,1246,1246,9,1277,1277,9,1127,1127,1127
1278,9,9,9,1159,1159,1159,1159,9,1159,9,1256,9,1256,1256,1256,9,1162,1162,1162,1162,9,9,9,9,1228,1228,1228,1228,1228,1228,1228,1228,9,1167,9,1170,1170,1170,1170,1170,1170,1170,1170,1170,1170,1170,9,1114,1114,1114,1114,1114,1114,1114,1114,1114,1114,1114,9,1060,1060,1060,1060,1060,1060,9,1209,1209,1209,1209,1209,1209,1209,1209,9,1182,9,887,9,9,1184,1184,1184,1184,9,1246,1246,1246,1246,1246,1246,1246,1246,9,1277,9,1127,9,1127
1278,1278,1278,9,1159,1159,1159,1159,1159,9,1256,1256,1256,1256,1256,1256,1256,9,1162,9,9,1307,9,1228,1228,1228,1228,1228,1228,1228,1228,1228,1228,1228,9,1309,9,1170,1170,1170,1170,1170,1170,1170,1170,1170,1170,9,1114,1114,1114,1114,1114,1114,1114,1114,1114,9,9,9,1060,1060,1060,1060,1060,1060,9,1209,1209,1209,1209,1209,1209,1209,1209,1209,9,9,9,1184,1184,1184,1184,1184,1184,1184,9,9,1246,1246,1246,1246,1246,9,1277,1277,1277,9,9,1127
1278,1278,1278,1278,9,1159,9,1159,9,1256,1256,1256,1256,1256,1256,1256,1256,1256,9,1307,1307,1307,1307,9,9,1228,1228,1228,1228,1228,1228,1228,1228,9,1309,1309,1309,9,9,9,9,1170,1170,1170,1170,1170,9,1114,1114,1114,1114,1114,1114,1114,1114,1114,9,9,1337,9,9,1060,9,9,9,9,9,1209,1209,1209,1209,1209,1209,1209,1209,9,9,1184,1184,1184,1184,1184,1184,1184,1184,1184,1184,1184,9,1246,1246,9,9,1277,1277,1277,1277,1277,1277,9
1278,1278,1278,1278,9,9,9,9,1256,1256,1256,1256,1256,1256,1256,1256,1256,1256,9,1307,1307,1307,1307,9,1356,9,1228,1228,1228,1228,1228,1228,1228,1228,9,1309,1309,9,1359,1359,1359,9,1170,1170,1170,1170,9,9,1114,1114,1114,1114,1114,1114,9,9,1337,1337,1337,9,9,9,9,1368,9,9,9,1209,1209,1209,9,1209,9,9,9,1375,1375,9,1184,1184,9,1184,1184,1184,1184,1184,1184,1184,9,9,1246,9,1277,1277,1277,1277,1277,1277,1277,1277
1278,1278,1278,9,1278,9,1256,1256,1256,1256,1256,1256,1256,1256,1256,1256,1256,1256,9,9,1307,1307,9,1356,1356,9,1228,1228,1228,1228,1228,1228,1228,9,9,1309,1309,9,9,1359,1359,9,9,1170,9,9,1394,1394,9,9,1114,1114,1114,9,1337,1337,1337,1337,1337,1337,1337,9,1368,1368,1368,9,9,9,1209,1209,1209,9,1375,1375,1375,1375,9,1375,9,9,1184,1184,1184,1184,1184,1184,1184,9,1406,1406,9,9,1277,1277,1277,1277,1277,1277,9,9
1278,1278,1278,1278,1278,9,1256,1256,1256,1256,1256,1256,1256,1256,1256,1256,1256,1256,1256,1256,9,1307,9,9,1356,1356,9,1228,1228,1228,1228,1228,9,9,9,1309,9,1359,1359,1359,1359,1359,1359,9,1394,1394,1394,1394,1394,9,1114,9,1114,9,1337,1337,1337,1337,1337,1337,9,9,1368,1368,1368,9,9,1427,9,1209,9,1375,1375,1375,1375,1375,1375,1375,9,1184,1184,1184,1184,1184,1184,1184,1184,9,1406,1406,1406,1406,9,9,9,9,1277,1277,1277,9
1278,1278,1278,1278,1278,9,9,1256,1256,9,1256,1256,1256,1256,1256,1256,1256,1256,1256,9,9,9,1356,1356,1356,1356,1356,9,1228,1228,9,9,1445,9,1445,9,1359,1359,1359,1359,1359,1359,1359,1359,9,1394,1394,1394,1394,1394,9,1394,9,1337,1337,1337,1337,1337,1337,9,1368,1368,1368,1368,1368,1368,9,1427,1427,9,9,9,1375,1375,1375,1375,1375,1375,9,9,1184,1184,1184,1184,1184,1184,1184,9,1406,1406,1406,1406,1406,1406,9,9,9,1277,9,1462
1278,1278,1278,9,9,1464,1464,9,9,1466,9,1256,1256,1256,1256,1256,1256,9,9,9,1356,1356,1356,1356,1356,1356,1356,1356,9,9,1445,1445,1445,1445,1445,1445,9,1359,1359,1359,1359,1359,1359,1359,1359,9,1394,1394,1394,1394,1394,1394,1394,9,1337,1337,1337,1337,1337,1337,9,1368,1368,1368,1368,1368,9,9,1427,1427,9,1375,1375,1375,9,9,9,1375,1375,9,9,1184,1184,1184,9,1184,9,1406,1406,1406,1406,1406,1406,9,1487,1487,1487,9,1462,1462
1278,9,9,1490,9,1464,1464,9,1466,1466,9,9,9,9,1256,1256,1256,9,9,1356,1356,1356,1356,1356,1356,1356,1356,9,1356,9,9,1445,1445,1445,1445,9,1445,9,1359,1359,1359,1359,1359,1359,1359,1359,9,1394,1394,1394,1394,1394,1394,1394,9,1337,1337,1337,1337,1337,9,1368,1368,1368,1368,1368,1368,1368,9,1427,1427,9,9,9,9,1511,1511,9,9,1513,1513,9,1184,9,9,9,1406,1406,1406,1406,1406,1406,9,1487,1487,1487,1487,9,1462,1462
9,1490,1490,1490,1490,9,9,1466,9,1466,9,1524,1524,1524,9,9,9,9,1356,1356,1356,1356,1356,1356,1356,1356,1356,1356,1356,1356,9,1445,1445,1445,9,1445,1445,1445,9,1359,1359,1359,1359,1359,1359,9,1394,1394,1394,1394,9,1394,1394,9,1337,1337,1337,1337,9,9,1368,1368,1368,1368,1368,1368,1368,9,9,9,1427,1427,1427,9,1511,1511,1511,1511,1511,9,1513,1513,9,9,1406,1406,1406,1406,1406,1406,1406,9,1487,1487,1487,1487,9,1545,9,1462
1490,1490,1490,1490,1490,9,1466,1466,1466,1466,1466,9,1524,1524,1524,1524,9,9,9,1356,9,1356,1356,1356,1356,1356,1356,1356,1356,9,9,1445,1445,1445,1445,1445,1445,1445,1445,9,1359,1359,1359,1359,9,1394,1394,1394,1394,1394,1394,9,9,9,9,1337,1337,9,9,1562,9,1368,1368,1368,1368,1368,1368,9,1564,1564,9,1427,9,1511,9,1511,1511,1511,1511,1511,9,1513,1513,1513,9,1406,9,1406,9,9,1406,1406,9,1487,1487,1487,9,1545,1545,9
1490,1490,1490,1490,1490,9,1466,1466,1466,1466,1466,1466,1524,1524,1524,1524,9,9,9,9,1580,9,1356,1356,1356,1356,1356,1356,1356,9,1445,1445,1445,1445,1445,1445,1445,9,9,1359,1359,9,1359,9,1394,1394,1394,1394,9,1394,9,9,9,1590,9,9,9,9,1562,1562,1562,9,1368,9,1368,1368,9,1564,1564,1564,9,9,1511,1511,1511,1511,1511,1511,1511,1511,1511,9,1513,1513,9,9,1602,9,1602,1602,9,9,9,1487,1487,1487,9,1545,1545,1545
1490,1490,1490,1490,9,9,1466,1466,1466,1466,1466,1466,1524,1524,1524,1524,1524,1524,9,1580,1580,9,1356,1356,1356,1356,1356,1356,9,1445,1445,1445,1445,1445,1445,1445,1445,9,1359,1359,1359,1359,9,1614,9,1394,1394,1394,1394,1394,1394,9,1590,1590,1590,9,1562,1562,1562,1562,1562,1562,9,9,1368,9,1564,1564,1564,9,1564,9,1511,1511,1511,1511,1511,1511,1511,1511,9,1513,1513,9,1602,1602,1602,1602,1602,1602,1602,1602,9,9,9,9,1545,1545,1545,1545
1490,1490,1490,9,1629,1629,9,1466,1466,1466,1466,1466,1524,1524,1524,9,1524,9,1580,1580,1580,1580,9,1356,1356,1356,1356,9,1445,1445,1445,1445,1445,1445,1445,1445,1445,1445,9,1359,1359,1359,9,1614,9,1394,9,1394,1394,9,9,1590,1590,1590,9,1562,1562,1562,1562,1562,1562,9,1562,1562,9,1564,1564,1564,1564,1564,1564,1564,9,1511,9,1511,1511,1511,9,9,1647,9,1513,9,1602,1602,1602,1602,1602,1602,1602,1602,1602,9,1650,9,1545,1545,1545,1545
1490,1490,9,1652,9,9,1466,1466,1466,1466,1466,1466,1524,1524,1524,1524,9,1655,9,1580,1580,1580,9,9,9,1356,9,1660,9,1445,1445,1445,1445,1445,1445,1445,1445,1445,1445,9,9,9,9,9,9,9,1668,9,1394,9,9,1590,1590,1590,1590,9,9,1562,1562,1562,1562,1562,1562,1562,1562,9,1564,1564,1564,1564,1564,1564,9,9,1676,9,1511,9,1647,1647,1647,9,9,1602,1602,1602,1602,1602,1602,1602,1602,1602,1602,9,1650,9,1545,1545,1545,1545
1490,9,1652,1652,1652,1652,9,9,1466,1466,1466,1466,1524,1524,9,9,1655,1655,1655,9,9,9,1690,1690,1690,9,1660,1660,9,1445,1445,1445,1445,1445,1445,1445,1445,1445,9,1693,1693,1693,1693,1693,9,1668,1668,1668,9,9,1696,9,1590,9,9,9,9,1562,1562,1562,1562,1562,1562,1562,9,1564,1564,1564,1564,1564,1564,9,1676,1676,1676,1676,9,1647,1647,9,1647,9,1602,1602,1602,1602,1602,1602,1602,1602,1602,1602,1602,1602,9,9,9,1545,9,1545
9,1652,1652,1652,1652,1652,9,9,9,1466,9,1466,9,1524,9,1655,1655,1655,1655,1655,1655,9,9,1690,1690,1690,1660,9,1720,9,1445,1445,1445,1445,1445,1445,1445,9,1693,1693,1693,1693,1693,1693,1693,9,9,9,1696,1696,1696,9,9,1727,1727,9,1562,1562,1562,1562,1562,1562,1562,1562,1562,9,1564,1564,1564,1564,9,1676,1676,1676,1676,9,9,1647,1647,1647,1647,1647,9,1602,1602,1602,1602,1602,1602,1602,1602,1602,1602,1602,1602,9,9,9,9,1545
9,1652,1652,1652,1652,1652,1652,9,9,1466,9,9,9,9,1655,1655,1655,1655,1655,1655,9,1690,1690,1690,1690,1690,9,1720,1720,1720,9,1445,1445,1445,1445,1445,1445,9,1693,1693,1693,1693,1693,9,9,9,1696,1696,1696,1696,9,1727,9,1727,1727,1727,9,1562,1562,1562,1562,1562,1562,9,9,1564,1564,1564,1564,9,1676,1676,1676,1676,1676,1676,9,1647,1647,1647,1647,1647,9,1602,1602,1602,1602,1602,1602,1602,1602,1602,1602,9,9,9,9,9,9,9
1652,1652,1652,1652,1652,1652,1652,1652,9,9,9,1769,9,9,9,1655,9,9,1655,1655,1655,9,9,1690,1690,9,1720,1720,1720,1720,9,1445,9,1445,1445,1445,9,1693,1693,1693,1693,1693,1693,9,9,1696,1696,1696,1696,9,1727,1727,1727,1727,1727,1727,1727,9,1562,9,1562,1562,9,9,1564,1564,1564,1564,9,1676,1676,1676,1676,1676,1676,9,1676,9,1647,1647,1647,1647,1647,9,9,1602,1602,1602,9,1602,1602,1602,1602,1602,9,1794,1794,1794,9,9
1652,1652,1652,1652,1652,1652,1652,1652,1652,9,1769,1769,9,1769,1769,9,1769,1769,9,1655,9,1801,9,9,1690,9,1720,1720,1720,1720,1720,9,1720,9,9,9,9,1693,1693,1693,1693,1693,1693,1693,9,1696,1696,1696,1696,9,9,1727,1727,1727,1727,1727,1727,1727,9,9,9,9,9,9,9,1564,1564,1564,1564,9,1676,1676,1676,1676,1676,1676,1676,1676,9,1647,1647,1647,1647,1647,1647,9,1602,1602,1602,1602,1602,1602,1602,9,1794,1794,1794,1794,1794,9
1652,1652,1652,1652,1652,1652,1652,1652,1652,1652,9,1769,1769,1769,1769,1769,1769,1769,1769,9,1801,1801,9,1801,9,9,1720,1720,1720,1720,1720,1720,1720,1720,1720,1720,1720,9,9,1693,1693,1693,1693,9,1832,9,1696,1696,9,1727,1727,1727,1727,1727,1727,1727,1727,1727,1727,1727,9,9,1836,1836,1836,9,1564,9,9,1676,9,1676,1676,1676,1676,1676,1676,1676,9,9,1647,1647,1647,1647,1647,1647,9,9,1602,1602,1602,1602,9,1794,1794,1794,1794,1794,9,9
1652,1652,1652,1652,1652,1652,1652,1652,1652,9,1769,1769,1769,1769,1769,1769,1769,9,9,1801,1801,1801,1801,1801,1801,1801,9,1720,1720,1720,1720,1720,1720,1720,1720,1720,1720,1720,9,9,1693,9,9,1832,1832,1832,9,9,1727,1727,1727,1727,1727,1727,1727,1727,1727,1727,1727,9,1858,1858,9,1836,1836,1836,9,9,1676,1676,1676,1676,1676,1676,1676,1676,1676,1676,1676,1676,9,1647,1647,1647,1647,1647,1647,9,1602,1602,1602,9,1794,1794,1794,1794,1794,1794,1794,9
9,1652,9,1652,1652,1652,1652,1652,9,9,1769,1769,1769,1769,1769,1769,9,1801,1801,1801,1801,1801,1801,1801,1801,9,1720,1720,1720,1720,1720,1720,1720,1720,1720,1720,1720,9,1872,1872,9,1832,1832,1832,1832,9,1874,1874,9,1727,9,1727,1727,1727,1727,1727,1727,1727,9,1727,9,9,1879,9,1836,1836,1836,9,1676,1676,1676,1676,1676,1676,1676,1676,1676,1676,9,9,1647,1647,1647,1647,1647,1647,9,1884,9,1602,9,1794,1794,1794,1794,1794,1794,9,9,1888
9,1652,9,1652,1652,1652,1652,9,9,1769,1769,1769,1769,1769,1769,1769,9,1801,1801,1801,1801,1801,1801,1801,1801,1801,9,1720,1720,1720,1720,1720,1720,1720,1720,1720,9,1872,1872,1872,9,1832,1832,9,9,1898,9,1874,9,9,9,9,1727,1727,1727,1727,1727,1727,1727,1727,9,1879,1879,1879,9,9,9,9,1676,1676,1676,1676,1676,1676,1676,1676,1676,1676,9,9,1647,1647,1647,9,1647,9,9,1884,9,1602,9,9,1794,1794,1794,1794,9,1888,1888,1888
1917,9,9,9,9,9,1652,9,9,9,1769,1769,1769,1769,1769,1769,9,9,1801,1801,1801,1801,1801,1801,1801,9,9,9,1720,1720,1720,1720,1720,1720,9,9,1872,1872,1872,1872,9,9,9,1898,1898,1898,1898,9,1936,1936,9,1727,1727,1727,1727,1727,1727,1727,1727,9,1879,1879,1879,1879,9,1879,9,9,1676,9,9,1676,1676,1676,1676,1676,1676,9,1944,9,1647,9,9,1947,9,1884,1884,1884,1884,9,1884,1884,9,1794,1794,9,1951,9,1888,1888
1917,1917,9,9,1954,9,9,9,1769,1769,1769,1769,1769,1769,1769,9,1801,1801,1801,1801,1801,1801,1801,1801,1801,1801,9,1959,9,1720,1720,1720,1720,1720,1720,9,1872,1872,1872,9,9,1898,1898,9,1898,1898,1898,1898,9,1936,1936,9,1727,1727,1727,1727,1727,1727,1727,9,9,1879,1879,1879,1879,1879,1879,9,9,1970,1970,9,1676,9,9,1676,9,1944,1944,1944,9,9,9,1947,9,1884,1884,1884,1884,1884,1884,1884,1884,9,9,9,1951,1951,9,9
1917,1917,1917,9,1954,1954,1954,1954,9,1769,1769,1769,1769,1769,1769,1769,9,9,1801,1801,1801,9,1801,1801,9,9,1959,1959,1959,9,9,1720,1720,1720,1720,9,1872,9,9,9,1898,1898,1898,1898,1898,1898,1898,1898,1898,9,1936,9,9,1727,1727,1727,1727,1727,9,9,1879,1879,1879,1879,1879,1879,1879,1879,9,1970,9,9,9,9,2006,9,1944,1944,1944,1944,1944,1944,1944,9,9,1884,1884,1884,1884,1884,1884,1884,1884,1884,1884,9,1951,9,9,2012
1917,1917,1917,1917,9,1954,1954,1954,1954,9,1769,1769,1769,1769,1769,1769,1769,9,9,1801,9,2017,9,1801,9,9,1959,1959,1959,1959,9,9,9,1720,9,2024,9,2024,9,9,9,1898,1898,1898,1898,9,1898,9,9,2031,9,2031,9,1727,9,1727,9,9,2036,2036,9,1879,1879,1879,1879,1879,9,9,2039,9,2039,9,9,2006,2006,2006,9,1944,1944,1944,1944,1944,1944,1944,9,9,1884,1884,1884,1884,1884,1884,1884,1884,9,1951,1951,9,2012,2012
1917,1917,1917,9,1954,1954,1954,1954,1954,1954,9,1769,1769,1769,1769,1769,9,9,2051,9,2017,2017,9,9,1959,1959,1959,1959,1959,1959,1959,9,9,9,2024,2024,2024,2024,2024,9,2058,9,1898,9,1898,1898,9,2031,2031,2031,2031,2031,2031,9,9,9,9,9,2036,9,1879,1879,1879,1879,1879,1879,9,2039,2039,2039,2039,2039,9,2006,2006,2006,2006,9,1944,1944,1944,1944,1944,9,1884,1884,1884,1884,1884,1884,1884,1884,1884,9,1951,1951,9,2012,2012,2012
9,1917,9,9,1954,1954,1954,1954,1954,1954,1954,9,1769,1769,9,9,9,2051,2051,2051,9,9,1959,1959,1959,1959,1959,1959,1959,1959,1959,1959,9,2024,2024,2024,2024,2024,9,2058,2058,2058,9,1898,1898,1898,1898,9,2031,2031,2031,2031,2031,2031,2031,9,2087,2087,9,2087,9,1879,1879,1879,1879,1879,9,2039,2039,2039,2039,9,2006,2006,9,2006,9,9,1944,1944,1944,1944,9,1884,1884,1884,1884,1884,1884,1884,9,1884,1884,9,1951,9,9,9,2012,2012
9,9,9,9,1954,1954,1954,1954,1954,1954,9,9,1769,9,9,2051,9,2051,2051,2051,2051,9,1959,1959,1959,1959,1959,1959,1959,1959,9,9,2024,2024,2024,2024,2024,9,9,2058,2058,2058,9,1898,1898,1898,9,2031,2031,2031,2031,2031,2031,2031,9,9,2087,2087,9,2087,9,9,1879,1879,9,9,2039,2039,2039,2039,2039,9,9,2006,9,9,2127,9,1944,1944,1944,9,2129,9,9,1884,1884,1884,1884,1884,1884,1884,9,9,9,2012,2012,2012,2012,2012
9,9,9,1954,1954,1954,1954,1954,1954,1954,9,2138,9,9,2051,2051,2051,2051,2051,2051,9,9,9,1959,1959,1959,1959,1959,1959,1959,1959,9,2024,2024,2024,2024,2024,9,2058,2058,2058,2058,2058,9,1898,9,2031,2031,2031,2031,9,9,2031,2031,9,2087,2087,2087,2087,2087,2087,2087,9,9,2152,9,2039,2039,9,2039,2039,9,9,9,2127,2127,2127,2127,9,1944,9,2129,2129,2129,9,1884,1884,1884,1884,1884,9,9,9,9,2012,2012,2012,2012,2012,2012
2164,9,2165,9,1954,1954,1954,1954,1954,9,2138,2138,9,2051,2051,2051,2051,2051,2051,2051,2051,9,2051,9,1959,1959,1959,1959,1959,1959,1959,1959,9,2024,9,2024,9,9,2058,2058,2058,2058,2058,2058,9,2031,2031,2031,9,9,2177,2177,9,9,2087,2087,2087,2087,2087,2087,2087,2087,2087,9,2152,9,2039,2039,2039,2039,2039,9,2127,2127,2127,9,2127,9,9,9,9,9,2129,2129,2129,9,9,1884,1884,9,2191,2191,9,2012,2012,2012,2012,2012,2012,2012
2164,9,2165,2165,9,1954,9,1954,9,2138,2138,9,2051,2051,2051,2051,2051,2051,2051,2051,2051,2051,2051,2051,9,1959,1959,1959,1959,1959,1959,1959,1959,9,2199,9,2200,9,2058,2058,9,2058,2058,2058,9,2031,2031,9,2177,2177,2177,2177,9,9,2087,2087,2087,2087,2087,2087,9,2087,2087,2087,9,2208,9,2039,9,9,9,2212,9,2127,9,2214,9,2214,2214,9,9,2214,9,2129,2129,2129,2129,9,9,2191,2191,2191,2191,9,2012,2012,2012,2012,2012,2012
2164,2164,9,2165,2165,9,2223,9,9,2138,2138,9,2051,9,2051,2051,2051,2051,2051,2051,2051,2051,2051,9,1959,1959,1959,1959,1959,1959,1959,1959,9,2199,2199,9,2200,9,9,9,2233,9,2058,2058,2058,9,2031,9,9,2177,2177,2177,2177,2177,9,2087,2087,2087,2087,9,2239,9,2087,9,2208,2208,2208,9,9,2212,2212,2212,2212,9,2214,2214,2214,2214,2214,2214,9,2214,2214,9,2129,2129,2129,2129,2129,9,2191,2191,2191,2191,9,2012,2012,2012,2012,2012
2164,9,9,9,9,2223,2223,9,2253,9,9,2051,2051,2051,2051,2051,2051,2051,2051,2051,2051,2051,2051,2051,9,1959,1959,1959,9,1959,1959,9,2199,2199,9,2233,9,2233,9,2233,2233,2233,9,2058,2058,2058,9,2177,2177,2177,2177,2177,2177,9,2087,2087,2087,2087,9,2239,2239,9,9,2208,2208,2208,2208,2208,2208,9,2212,2212,2212,9,9,2214,2214,2214,2214,2214,2214,2214,9,2129,2129,2129,2129,2129,9,2191,2191,2191,2191,2191,2191,9,2012,9,2012,2012
2164,2164,2164,2164,2164,9,9,2253,2253,2253,2253,9,9,2051,2051,2051,2051,2051,2051,2051,2051,9,2051,9,2280,9,1959,9,9,1959,9,2199,2199,9,2233,2233,2233,2233,2233,2233,2233,2233,9,2058,2058,2058,9,9,2177,2177,2177,2177,2177,2177,9,2087,9,9,2291,9,2239,2239,9,2208,2208,2208,2208,2208,2208,2208,9,2212,9,2214,2214,2214,2214,2214,2214,2214,2214,2214,2214,9,2129,2129,2129,2129,2129,9,2191,2191,2191,2191,2191,2191,9,2012,2012,2012
2164,2164,9,2164,2164,2164,9,9,2253,2253,2253,9,9,2051,2051,2051,9,2051,9,2051,2051,9,9,2280,2280,2280,9,2280,2280,9,9,2199,9,9,2233,2233,2233,2233,2233,2233,2233,2233,2233,9,2058,9,2177,2177,2177,2177,2177,2177,2177,9,9,9,2291,9,2291,9,9,9,9,9,2208,9,2208,2208,2208,2208,2208,9,2214,2214,2214,2214,2214,2214,2214,2214,2214,2214,2214,2214,9,2129,2129,2129,2129,9,9,2191,2191,2191,2191,9,9,9,2012,2012
2164,2164,2164,2164,2164,2164,2164,9,9,2253,2253,9,2334,9,2051,2051,2051,9,2051,2051,9,2280,2280,2280,2280,2280,2280,2280,2280,2280,9,9,2233,2233,2233,2233,2233,2233,2233,2233,2233,2233,2233,9,9,2177,2177,2177,2177,2177,2177,2177,2177,2177,9,9,2291,2291,2291,2291,9,2291,2291,2291,9,2208,2208,2208,2208,9,9,9,9,2214,2214,2214,2214,2214,2214,2214,2214,2214,9,9,2129,2129,2129,2129,2129,2129,9,9,2191,2191,2191,2191,9,9,2012,9
2164,2164,2164,2164,2164,2164,9,9,9,2253,9,2334,2334,9,2051,2051,2051,9,9,2051,9,2280,2280,2280,2280,2280,2280,2280,2280,2280,2280,9,9,9,2233,2233,2233,2233,2233,2233,2233,2233,2233,2233,2233,9,9,2177,2177,2177,2177,2177,9,9,9,2291,2291,2291,2291,2291,2291,2291,2291,2291,9,9,2208,9,2208,9,9,2377,2377,9,2214,2214,2214,2214,2214,2214,2214,9,2214,2214,9,9,2129,2129,2129,9,2382,2382,9,9,2191,9,9,2386,9,9
2164,2164,2164,2164,2164,9,9,2390,2390,9,2334,2334,2334,2334,9,2051,9,9,9,9,2396,9,2280,2280,2280,2280,2280,2280,2280,2280,9,2398,2398,2398,9,2233,2233,2233,2233,2233,2233,2233,2233,2233,9,2400,2400,9,2177,2177,2177,2177,9,9,2291,2291,2291,2291,2291,2291,2291,2291,2291,9,9,9,9,2377,9,9,2377,2377,2377,9,9,2214,2214,2214,2214,2214,2214,2214,2214,2214,2214,9,9,2129,9,9,2382,2382,9,2386,9,2386,2386,2386,2386,9
9,2164,2164,9,9,2421,2421,9,2390,2390,2334,2334,2334,2334,2334,9,9,9,2396,2396,2396,9,2280,2280,2280,2280,2280,2280,2280,2280,2280,9,2398,9,2233,2233,2233,2233,2233,2233,2233,2233,2233,2233,9,2400,2400,2400,9,9,2177,9,9,9,2291,2291,2291,2291,2291,2291,2291,2291,2291,9,2377,2377,2377,2377,2377,2377,2377,2377,2377,2377,2377,9,2214,2214,2214,2214,2214,2214,2214,9,9,2438,2438,9,2438,2438,9,9,2386,2386,2386,2386,2386,2386,2386,2386
2441,9,9,9,9,2421,9,2390,2390,2390,9,9,2334,9,9,9,9,9,2396,2396,2396,2396,9,9,2280,2280,9,2280,2280,2280,9,2457,9,9,2233,2233,2233,2233,9,2233,2233,2233,9,9,2400,2400,2400,2400,2400,2400,9,2463,9,2291,2291,2291,2291,2291,2291,2291,2291,2291,2291,9,2377,2377,2377,2377,2377,2377,2377,2377,2377,2377,9,2214,2214,2214,2214,2214,2214,2214,2214,9,2438,2438,2438,2438,2438,9,2468,2468,9,2386,2386,2386,2386,2386,2386,2386
2441,2441,2441,2441,2441,9,9,9,2390,9,2473,2473,9,9,9,9,2396,2396,2396,2396,2396,2396,2396,2396,9,9,2479,9,2280,2280,9,2457,2457,9,9,9,2233,9,9,2233,2233,2233,9,2400,2400,2400,2400,2400,9,9,2463,2463,2463,9,2291,2291,2291,2291,2291,2291,2291,2291,9,2377,2377,2377,2377,2377,2377,2377,2377,2377,2377,2377,2377,9,2214,2214,9,2214,2214,2214,9,2438,2438,2438,9,9,2438,2438,9,2468,2468,9,9,9,2386,2386,2386,9
2441,2441,2441,2441,2441,2441,9,9,9,9,2473,2473,2473,2473,9,2396,2396,2396,2396,2396,2396,2396,2396,9,9,9,2479,9,9,9,2457,2457,2457,9,2457,2457,9,2514,2514,9,2233,9,2400,2400,2400,2400,2400,2400,9,2463,2463,2463,2463,9,2291,2291,2291,2291,2291,2291,2291,2291,2291,9,9,2377,2377,2377,2377,2377,2377,2377,2377,2377,9,9,9,9,2214,2214,9,9,9,9,9,9,2530,2530,9,9,9,2468,2468,2468,9,9,9,2386,9,2537
2441,2441,2441,2441,2441,2441,2441,9,2473,2473,2473,2473,2473,2473,2473,9,9,2396,9,2396,2396,2396,9,2479,9,2479,2479,2479,2479,9,2457,2457,2457,2457,2457,2457,9,9,2514,2514,9,2400,2400,2400,2400,2400,2400,2400,2400,9,9,2463,2463,2463,9,2291,2291,2291,9,2291,9,9,9,9,2377,2377,2377,2377,2377,2377,2377,2377,2377,9,9,9,2558,2558,9,2214,9,2560,9,2530,2530,2530,2530,2530,2530,9,2530,9,2468,2468,9,9,2537,9,2537,2537
2441,2441,2441,2441,2441,2441,9,9,2473,2473,2473,2473,2473,2473,2473,2473,2473,9,2569,9,2396,9,2479,2479,2479,2479,2479,2479,2479,9,2457,2457,2457,2457,2457,2457,2457,2457,9,2514,9,2400,2400,2400,2400,2400,2400,9,9,2576,2576,9,9,2463,2463,9,2291,9,2580,9,9,9,9,2584,9,9,2377,9,2377,9,2377,9,2377,2377,9,2590,9,9,2560,9,2560,2560,2560,9,2530,2530,2530,2530,2530,2530,2530,2530,9,9,9,9,2537,2537,2537,2537
2441,2441,2441,2441,2441,2441,2441,9,2473,2473,2473,2473,2473,2473,9,2473,9,9,2569,2569,9,9,9,2479,2479,2479,2479,2479,9,2457,2457,2457,2457,2457,2457,2457,2457,2457,2457,9,2400,2400,2400,2400,2400,2400,2400,2400,9,2576,2576,9,2576,9,9,9,9,2580,2580,2580,9,2584,9,2584,9,2584,9,9,2377,9,2377,9,2377,9,2590,2590,9,2560,2560,2560,2560,2560,9,2530,2530,2530,2530,2530,2530,2530,2530,9,9,2625,2625,2625,9,2537,2537,2537
2441,9,2441,2441,2441,2441,9,2473,2473,2473,2473,2473,2473,2473,2473,9,2569,2569,2569,2569,9,9,2479,2479,2479,2479,9,2479,2479,9,2457,2457,2457,2457,2457,9,9,2457,9,9,9,9,2400,2400,2400,2400,2400,2400,9,2576,2576,2576,2576,2576,9,9,2580,9,2580,2580,9,2584,2584,2584,2584,2584,9,9,2377,9,9,9,9,2590,2590,2590,2590,9,2560,2560,2560,2560,9,2530,2530,2530,2530,2530,2530,9,9,2625,2625,2625,2625,2625,9,9,2537,2537
9,2441,2441,2441,2441,9,2473,2473,2473,2473,2473,2473,2473,2473,9,2569,2569,2569,2569,2569,2569,9,9,2479,2479,9,2662,9,9,2457,2457,2457,2457,2457,9,2665,2665,9,2665,9,2667,2667,9,2400,2400,2400,2400,9,2576,2576,2576,2576,2576,2576,9,2580,2580,2580,2580,2580,2580,9,2584,2584,2584,2584,2584,2584,9,2672,9,2672,9,2590,2590,2590,2590,2590,9,2560,2560,2560,2560,9,9,2530,2530,2530,9,2625,2625,2625,2625,2625,2625,2625,2625,2625,9,9
9,2441,2441,2441,9,9,9,2473,2473,2473,2473,2473,2473,9,2569,2569,2569,2569,2569,2569,2569,2569,2569,9,2479,9,2662,2662,9,2457,2457,2457,2457,9,2665,9,2665,2665,2665,9,2667,9,9,9,2400,9,9,2576,2576,2576,2576,2576,9,9,2580,2580,2580,2580,2580,2580,2580,9,2584,2584,2584,2584,2584,9,2672,2672,2672,2672,2672,9,2590,2590,2590,2590,9,2560,2560,9,2560,9,9,2530,2530,2530,2530,9,2625,2625,2625,2625,2625,2625,2625,2625,2625,9
2707,9,2441,9,2707,2707,9,9,2473,2473,2473,2473,9,2569,2569,2569,2569,2569,2569,2569,2569,2569,9,9,9,2662,2662,2662,2662,9,2457,2457,2457,9,2665,2665,2665,2665,9,2665,9,2665,9,9,9,2576,2576,2576,2576,2576,2576,9,2580,2580,2580,2580,2580,2580,2580,2580,2580,9,2584,2584,2584,2584,2584,9,2672,2672,2672,2672,2672,2672,9,2590,2590,2590,2590,9,9,2728,9,2530,2530,2530,2530,2530,9,2625,2625,2625,2625,2625,2625,2625,2625,2625,9,9
2707,2707,9,2707,2707,2707,9,2473,2473,2473,2473,9,2569,2569,2569,2569,2569,2569,2569,2569,9,9,9,9,2662,2662,2662,2662,9,2457,2457,2457,9,2665,2665,2665,2665,2665,2665,2665,2665,2665,2665,9,2742,9,9,2576,2576,9,9,2580,9,2580,2580,2580,2580,2580,2580,2580,2580,2580,9,2584,2584,2584,9,2672,2672,2672,2672,2672,2672,9,2590,2590,2590,2590,2590,2590,9,2728,2728,9,2530,2530,2530,9,2625,2625,2625,2625,2625,2625,2625,2625,2625,2625,2625,2625
2707,2707,2707,2707,2707,2707,2707,9,2473,2473,9,9,9,2569,2569,2569,2569,2569,2569,2569,2569,2569,9,2758,9,9,2662,2662,9,2457,2457,9,2665,2665,2665,2665,2665,2665,2665,2665,2665,2665,2665,9,2742,2742,9,2576,9,9,2580,2580,2580,2580,2580,2580,2580,2580,2580,2580,2580,2580,2580,9,2584,9,9,2672,2672,2672,2672,2672,9,2672,9,2590,2590,2590,9,9,2728,2728,2728,9,2530,2530,2530,9,2625,2625,2625,2625,2625,2625,2625,2625,2625,2625,9,9
2707,2707,2707,2707,2707,2707,2707,2707,9,9,9,9,2569,2569,2569,2569,2569,2569,2569,2569,2569,2569,9,2758,9,2662,2662,2662,9,2457,2457,2457,9,2665,2665,2665,2665,2665,2665,2665,2665,2665,9,2742,2742,2742,2742,9,2787,2787,9,9,2580,2580,2580,2580,2580,2580,2580,2580,2580,2580,9,2584,2584,2584,2584,9,2672,2672,2672,2672,2672,2672,2672,9,2590,9,2728,2728,2728,2728,2728,2728,9,2530,2530,9,2625,2625,2625,2625,2625,2625,2625,2625,2625,2625,9,9
